Pregnancies,Glucose,BloodPressure,SkinThickness,Insulin,BMI,DiabetesPedigreeFunction,Age,Outcome
23.36686393470699,313.74235404995085,56,39,252.44560154474087,30.1,3.2456281168067886,128.17341454511998,0
-2.5564937808800665,266.60810415305093,74,18,-149.62640565915302,30.5,0.9309581571738632,63.05592788435469,0
40.90832417025564,293.3961670676781,62,0,231.7439365702685,32.0,0.9850856880717068,93.93054247124054,1
-9.12508758959648,443.7035918162878,60,32,546.625293031674,35.8,0.3602879380443589,113.3708098566231,0
8.40071210050116,463.4855072865319,0,0,-27.62005104864496,0.0,-0.546327780677478,63.48606129358525,0
5.778097443346823,339.9865786208501,64,0,522.3045553312928,30.8,0.8431857952980599,36.30663670058492,0
20.66651742456904,416.8707182405989,85,25,42.22451728464587,37.4,1.485438206169978,156.41807895675618,1
16.9110795603491,497.5558431084543,78,32,-242.33751953694443,32.4,2.5358062759539823,204.11735710874532,1
2.6875228337239903,233.0879908937205,55,0,35.02528086263237,19.1,0.6166149906549232,85.2257811536417,0
15.758641967095423,268.3788482234742,86,17,325.6557362962079,29.3,2.620808405868797,102.90999084322536,0
16.313016429802197,644.645789539977,88,44,256.88022302143264,50.0,1.309792637446122,173.87965875913278,1
4.232945810401241,447.3647431630817,0,0,-188.65845729538867,21.1,-0.2963512099750671,129.84393718775476,0
11.413130195839486,548.6871691764738,52,38,90.61983934920951,37.2,2.383914002720731,120.20047134878104,1
22.87267740550042,396.8489257048912,80,31,143.51168542422738,35.9,2.4522378959791045,100.99256085033522,1
2.263899110306008,349.1683924490813,66,22,-409.5590872871319,25.0,1.501104157542361,88.87657895119047,0
7.559838983769035,166.29623791849556,74,20,261.8510022477173,27.7,0.3789102533507412,17.420558295538143,0
15.295366484016984,723.32959568503,68,49,2258.585689277841,42.4,2.365668836206916,41.38679645231224,1
13.219415065485984,526.8479993264835,66,31,502.54391539435335,30.8,2.044965822061889,92.48127706275042,0
26.02822427214295,476.8962563892608,68,21,623.1002748305266,33.1,0.5399200512827798,86.60426429815173,0
11.551014819686044,347.88882255914075,78,0,-107.03362657169168,33.7,-1.2242979850324174,218.76541014576517,0
2.8331992223747724,485.423086490693,68,15,861.5726433623339,30.9,1.3918184536505436,79.87710960537046,0
-15.130428005091108,260.6392434598613,0,0,705.2347736440065,0.0,-0.3881787515638299,129.2184703517403,0
-8.497186248352067,354.9227591177174,0,0,-87.99660952234422,32.4,-0.623149334301066,141.1087380502425,1
-0.536935693987405,352.28080477408434,72,15,-111.49392617969836,30.1,2.8706360751908107,77.559335909156,0
-8.399791712925657,500.3674114692121,76,0,-269.8121489434217,18.4,2.0553760525360625,81.89130056177079,0
14.747669940518149,350.9689730629942,64,32,834.4217250369354,35.1,0.3193089453779474,93.1798783007466,1
14.296408172446265,529.1141506923681,88,0,506.60311692771097,31.6,1.4554568800373184,168.11292374177503,1
9.766630020388778,644.1446380022576,78,0,-290.94017352714525,38.5,2.26581761230198,270.77368405489443,1
17.632111423927245,410.0076777985143,88,39,8.058718246176,36.5,2.8606836300472844,157.44465770855558,1
8.85678094888181,419.95664475855335,86,20,871.3509943302194,35.1,1.8408786099821923,67.73319748681584,0
3.393060692805058,416.9694542456468,70,26,163.511062173306,30.8,3.1072886486369944,143.2884567395676,0
0.3115345992007668,424.280617309539,64,17,-542.0915192532987,21.0,-0.2295395561315374,-5.251013438630395,0
1.209462075670558,556.7955669594154,82,39,633.0422326405929,41.5,1.2842807147595456,95.1786942884277,0
5.876405421330727,579.6394290393187,84,33,365.4821022610686,35.5,1.849410664964843,74.7232056637827,1
30.40164139816024,382.3199082851207,58,24,513.7894655277273,27.7,3.820259510852305,70.90662384538459,0
-4.678235425921643,285.6549622394991,75,23,188.6115056653105,0.0,0.5930651410154169,87.41350555508903,0
15.198435627045196,396.0792048474965,84,0,306.30590075797073,31.2,1.9424102919655744,100.95137737241852,0
23.220256417943634,202.637335293264,80,0,-407.5380675071232,24.6,2.8818917399827755,92.19188942392574,0
19.642588009923205,223.5726007386068,68,28,195.54590815503843,30.2,2.045093330141913,103.54590707186534,0
24.103847753891067,305.87576960771776,0,0,245.21704076195232,0.0,0.9477982300823492,134.02772353869693,1
11.20381228877005,352.1233105680809,38,18,587.6653015914019,23.1,1.6828364006829253,84.61308923055567,0
21.23640661991725,167.34799111276644,82,31,18.66756383786713,34.2,4.572325799427139,118.84879391474936,1
38.841015564216704,403.9453119001524,68,28,-199.74061564725503,29.7,2.081897291738028,53.40661291482356,0
3.5375881716516715,457.6340923205551,74,26,808.4727559555854,33.2,2.545218248155648,34.105917880183114,0
22.36923594407457,204.57750112847984,82,41,-27.78267196604349,35.8,0.1480353133783939,160.05822325634182,0
20.944164184009804,276.31351661942824,58,31,548.6003344164253,34.3,1.3276283950797505,50.09672946890323,0
7.887238388905501,272.89691343356225,68,22,-294.6323290661213,20.0,1.7434956827078103,121.1909446904034,0
11.78828173668192,444.8141527257321,60,32,102.90207024100798,35.4,0.2430281020198829,91.61887335466186,0
51.390542685432735,282.80109722723023,72,54,-132.30646707646082,36.6,0.1721977590631236,226.85751977252636,0
26.93864841807707,687.3684941324984,62,0,610.8530152443651,24.3,-0.1369400999590101,100.06511917500704,1
38.713770232478446,655.4763196982422,84,0,100.88079417957704,40.2,1.0671562212337102,204.41944503499408,0
12.25894917874021,410.47693953422765,70,38,1090.087532745224,28.0,1.4784635674441196,130.35282066303233,1
-2.250933143199202,361.7973076976066,66,52,154.43152544060644,41.3,2.5205904626849653,63.51280399128548,0
1.952715713682851,375.8600962331779,56,34,697.3696472970964,24.7,3.357132902231092,157.73703969484546,0
21.7060842151553,402.0449960935076,82,24,287.11204564240893,28.2,4.272674659164482,189.2077632226065,1
13.820645065005175,524.1405722401379,72,47,962.9177486634292,37.1,6.310300259996136,157.09866875751433,1
-3.319562737034372,198.9816127933305,88,29,-189.6910803204709,36.9,1.6310148984832995,44.486760213722576,0
27.93188427377952,472.2139119389778,68,39,1586.4472314864354,37.7,0.4859892400957009,48.11433712710843,1
12.024948953359637,547.0063561870817,0,0,378.4610118556555,0.0,2.687095109041418,50.65358983708225,0
32.35201878389356,322.3108686727661,68,0,-174.96752122382537,24.2,-0.1129803681732113,241.13282669764453,0
-5.650383771089764,244.4685175976029,58,10,-240.95857801042885,25.4,1.739888462245884,133.39057274438488,0
1.687466146710071,309.8727338686166,50,15,813.3708869611202,24.2,0.0943659536392782,7.435167414392026,0
7.063051954250487,562.8819970153384,50,0,-268.6128208799664,21.9,1.1918491963539497,207.2895329532244,0
-6.958786142555609,324.44677202977863,78,37,648.9433649229112,43.3,3.6553112913140993,152.96847601789298,1
40.09792524644647,150.81641924317483,76,0,230.6635186471112,38.7,0.3126064648467115,182.15404155272373,0
5.764326735880834,247.7510488890858,64,39,199.2409582646876,44.6,1.3264492247935105,43.1032680762452,0
13.105438202479794,287.3251154885048,60,25,-75.19134954335647,28.7,2.2740160202135997,57.75117629141308,0
15.485591118031556,387.8473988849926,76,17,879.8822735201709,23.8,0.7908795697367729,141.15074255978462,0
-9.737429434275596,342.1678195388706,58,20,1283.5030392467856,26.4,0.0706242903067211,72.06290328324694,0
11.967101942064115,353.4671458337489,60,8,876.6963116328777,25.4,2.7772423380072784,143.43465789009048,0
-0.8307715597587979,273.9427309182121,74,22,93.88954692114484,29.0,4.5364405265478975,109.58077689350682,1
10.720601193728742,352.8773952945934,82,28,-247.43659456023656,34.4,1.527529967228237,169.6554614870433,0
23.767054836139984,383.5848135822676,60,0,14.95375390713302,26.1,3.064226462923151,48.26162295639823,0
11.450157175031352,283.3686292620809,74,31,167.42782060472382,38.3,0.980292025344478,167.41432683763355,0
11.76291042608773,624.9839059300364,76,43,845.580041758506,47.9,-0.3649535739780509,108.23461205924588,0
-6.900015330897373,441.007290294828,62,41,1088.702638212594,40.7,2.758651826576325,93.49123039273655,0
-3.243208780245524,304.6218189378702,88,30,-198.83854180488768,32.5,1.9070097157244,109.02579659198209,1
